"","series_name","plot","tree_number","year","d13C","lab_notes"
"1","A218t23","A218",23,1983,-27.19232719,NA
"2","A218t23","A218",23,1984,-27.50649164,NA
"3","A218t23","A218",23,1985,-28.08431432,NA
"4","A218t23","A218",23,1986,-27.97972746,NA
"5","A218t23","A218",23,1987,-27.06768729,NA
"6","A218t23","A218",23,1988,-28.00135568,NA
"7","A218t23","A218",23,1989,-27.93457276,NA
"8","A218t23","A218",23,1990,-27.53530906,NA
"9","A218t23","A218",23,1991,-28.06757315,NA
"10","A218t23","A218",23,1992,-28.56397196,NA
"11","A218t23","A218",23,1993,-27.50362403,NA
"12","A218t23","A218",23,1994,-28.46530207,NA
"13","A218t23","A218",23,1995,-28.51677762,NA
"14","A218t23","A218",23,1996,-28.96180185,NA
"15","A218t23","A218",23,1997,-27.38564829,NA
"16","A218t23","A218",23,1998,-29.14637877,NA
"17","A218t23","A218",23,1999,-26.95805183,NA
"18","A218t23","A218",23,2000,-28.5472106,NA
"19","A218t29","A218",29,1981,-27.39219127,NA
"20","A218t29","A218",29,1982,-26.08498687,NA
"21","A218t29","A218",29,1983,-27.23503837,NA
"22","A218t29","A218",29,1984,-28.13887961,NA
"23","A218t29","A218",29,1985,-27.44817018,NA
"24","A218t29","A218",29,1986,-27.62349806,NA
"25","A218t29","A218",29,1987,-26.87269006,NA
"26","A218t29","A218",29,1988,-28.01886423,NA
"27","A218t29","A218",29,1989,-27.83608462,NA
"28","A218t29","A218",29,1990,-27.36250549,NA
"29","A218t29","A218",29,1991,-27.38716287,NA
"30","A218t29","A218",29,1992,-27.56303599,NA
"31","A218t29","A218",29,1993,-27.39479635,NA
"32","A218t29","A218",29,1994,-28.81044474,NA
"33","A218t29","A218",29,1995,-28.40308309,NA
"34","A218t29","A218",29,1996,-27.36735215,NA
"35","A218t29","A218",29,1997,-27.05280401,NA
"36","A218t29","A218",29,1998,-27.34311886,NA
"37","A218t29","A218",29,1999,-27.60338442,NA
"38","A218t29","A218",29,2000,-28.04588435,NA
"39","A218t38","A218",38,1978,-27.84862535,NA
"40","A218t38","A218",38,1979,-27.64070369,NA
"41","A218t38","A218",38,1980,-27.71970423,NA
"42","A218t38","A218",38,1981,-26.34519185,NA
"43","A218t38","A218",38,1982,-27.79579677,NA
"44","A218t38","A218",38,1983,-28.27706997,NA
"45","A218t38","A218",38,1984,-28.38127313,NA
"46","A218t38","A218",38,1985,-27.1565225,NA
"47","A218t38","A218",38,1986,-28.13215487,NA
"48","A218t38","A218",38,1987,-28.09580494,NA
"49","A218t38","A218",38,1988,-28.94542419,NA
"50","A218t38","A218",38,1989,-27.65185101,NA
"51","A218t38","A218",38,1990,-26.65137951,NA
"52","A218t38","A218",38,1991,-28.50734683,NA
"53","A218t38","A218",38,1992,-28.67376897,NA
"54","A218t38","A218",38,1993,-27.94646727,NA
"55","A218t38","A218",38,1994,-28.22533189,NA
"56","A218t38","A218",38,1995,-28.37139806,NA
"57","A218t38","A218",38,1996,-28.10065159,NA
"58","A218t38","A218",38,1997,-27.31325132,NA
"59","A218t38","A218",38,1998,-28.19019361,NA
"60","A218t38","A218",38,1999,-27.60217276,NA
"61","A218t38","A218",38,2000,-27.7472696,NA
"62","D012t17","D012",17,1970,-22.4089175,"analyzed sample under target weight"
"63","D012t17","D012",17,1971,-23.98838295,NA
"64","D012t17","D012",17,1972,-24.12742147,NA
"65","D012t17","D012",17,1973,-24.03963636,NA
"66","D012t17","D012",17,1974,-23.39060819,NA
"67","D012t17","D012",17,1975,-24.46699048,NA
"68","D012t17","D012",17,1976,-23.50680683,NA
"69","D012t17","D012",17,1977,-23.28622328,NA
"70","D012t17","D012",17,1978,-25.05470842,"analyzed sample under target weight"
"71","D012t17","D012",17,1979,-24.60869466,NA
"72","D012t17","D012",17,1980,-23.99789452,"analyzed sample under target weight"
"73","D012t17","D012",17,1982,-23.47918088,NA
"74","D012t17","D012",17,1983,-23.35649983,NA
"75","D012t17","D012",17,1984,-23.65547809,NA
"76","D012t17","D012",17,1985,-24.96837731,NA
"77","D012t17","D012",17,1986,-24.43760762,NA
"78","D012t17","D012",17,1987,-24.01576657,NA
"79","D012t17","D012",17,1988,-24.21738757,NA
"80","D012t17","D012",17,1989,-23.1011617,NA
"81","D012t17","D012",17,1990,-23.39143617,NA
"82","D012t17","D012",17,1991,-24.92245522,NA
"83","D012t17","D012",17,1992,-24.06601026,NA
"84","D012t17","D012",17,1993,-23.92687077,NA
"85","D012t17","D012",17,1994,-24.93832803,NA
"86","D012t17","D012",17,1995,-24.40563986,NA
"87","D012t17","D012",17,1996,-24.43173104,"analyzed sample under target weight"
"88","D012t17","D012",17,1997,-22.11405891,NA
"89","D012t17","D012",17,1998,-23.08577356,NA
"90","D012t17","D012",17,1999,-22.89622882,NA
"91","D012t17","D012",17,2000,-23.89508477,NA
"92","D012t30","D012",30,1970,-22.0421668,NA
"93","D012t30","D012",30,1971,-22.84134042,NA
"94","D012t30","D012",30,1972,-23.4165984,NA
"95","D012t30","D012",30,1973,-23.04675796,NA
"96","D012t30","D012",30,1974,-22.39871932,NA
"97","D012t30","D012",30,1975,-22.88233507,NA
"98","D012t30","D012",30,1976,-22.99227344,NA
"99","D012t30","D012",30,1977,-23.08476384,NA
"100","D012t30","D012",30,1978,-24.45774144,NA
"101","D012t30","D012",30,1979,-24.18382446,NA
"102","D012t30","D012",30,1980,-23.47370819,NA
"103","D012t30","D012",30,1981,-23.71838368,NA
"104","D012t30","D012",30,1982,-23.16626848,NA
"105","D012t30","D012",30,1983,-23.53211043,NA
"106","D012t30","D012",30,1984,-25.21180074,NA
"107","D012t30","D012",30,1985,-24.8293186,NA
"108","D012t30","D012",30,1986,-24.97609158,NA
"109","D012t30","D012",30,1987,-23.16481449,NA
"110","D012t30","D012",30,1988,-24.54360808,NA
"111","D012t30","D012",30,1989,-23.4632071,NA
"112","D012t30","D012",30,1990,-24.42324939,NA
"113","D012t30","D012",30,1991,-25.14968273,NA
"114","D012t30","D012",30,1992,-25.02698149,NA
"115","D012t30","D012",30,1993,-24.44901746,NA
"116","D012t30","D012",30,1994,-24.78553712,NA
"117","D012t30","D012",30,1995,-25.54468541,NA
"118","D012t30","D012",30,1996,-25.15420628,NA
"119","D012t30","D012",30,1997,-23.04801002,NA
"120","D012t30","D012",30,1998,-24.09698849,NA
"121","D012t30","D012",30,1999,-23.11327835,NA
"122","D012t30","D012",30,2000,-24.55386684,NA
"123","D012t35","D012",35,1970,-24.91558912,"analyzed sample under target weight"
"124","D012t35","D012",35,1971,-24.70072059,NA
"125","D012t35","D012",35,1972,-25.97458403,NA
"126","D012t35","D012",35,1973,-26.01448818,NA
"127","D012t35","D012",35,1974,-24.59651743,"analyzed sample under target weight"
"128","D012t35","D012",35,1975,-25.72401178,NA
"129","D012t35","D012",35,1976,-25.54387763,NA
"130","D012t35","D012",35,1977,-25.64969635,"analyzed sample under target weight"
"131","D012t35","D012",35,1978,-27.00789164,"analyzed sample under target weight"
"132","D012t35","D012",35,1979,-26.320797,NA
"133","D012t35","D012",35,1982,-25.80836383,NA
"134","D012t35","D012",35,1983,-25.67598947,NA
"135","D012t35","D012",35,1984,-26.60018668,NA
"136","D012t35","D012",35,1985,-27.21516707,NA
"137","D012t35","D012",35,1986,-26.27243139,NA
"138","D012t35","D012",35,1987,-26.23892886,NA
"139","D012t35","D012",35,1988,-26.9072225,NA
"140","D012t35","D012",35,1989,-26.20488109,NA
"141","D012t35","D012",35,1990,-27.69613735,NA
"142","D012t35","D012",35,1991,-27.02620797,NA
"143","D012t35","D012",35,1992,-27.91647857,NA
"144","D012t35","D012",35,1994,-26.50458634,NA
"145","D012t35","D012",35,1996,-26.45751317,NA
"146","D012t35","D012",35,1999,-26.25243892,NA
"147","D012t35","D012",35,2000,-26.51167458,NA
"148","D017t24","D017",24,1970,-23.55272892,NA
"149","D017t24","D017",24,1971,-24.95674533,NA
"150","D017t24","D017",24,1972,-25.31000616,NA
"151","D017t24","D017",24,1973,-26.72508911,NA
"152","D017t24","D017",24,1974,-26.56195866,NA
"153","D017t24","D017",24,1975,-25.93936497,NA
"154","D017t24","D017",24,1976,-24.85633872,NA
"155","D017t24","D012",24,1977,-24.82116006,NA
"156","D017t24","D017",24,1978,-25.5653241,NA
"157","D017t24","D017",24,1979,-25.98379268,NA
"158","D017t24","D017",24,1980,-25.01223957,NA
"159","D017t24","D017",24,1981,-26.10924036,NA
"160","D017t24","D017",24,1982,-24.40265109,NA
"161","D017t24","D017",24,1983,-25.09447122,NA
"162","D017t24","D017",24,1984,-25.80276998,NA
"163","D017t24","D017",24,1985,-26.77278831,NA
"164","D017t24","D017",24,1986,-25.32626266,NA
"165","D017t24","D017",24,1987,-24.89171933,NA
"166","D017t24","D017",24,1989,-25.55058218,NA
"167","D017t24","D017",24,1990,-25.34673979,NA
"168","D017t24","D017",24,1991,-25.28151185,NA
"169","D017t24","D017",24,1992,-25.66457963,NA
"170","D017t24","D017",24,1993,-27.05050184,NA
"171","D017t24","D017",24,1994,-26.97951849,NA
"172","D017t24","D017",24,1995,-26.62258228,NA
"173","D017t24","D017",24,1996,-24.05266176,NA
"174","D017t24","D017",24,1997,-25.39787204,NA
"175","D017t24","D017",24,1998,-25.69911207,NA
"176","D017t24","D017",24,1999,-26.654651,NA
"177","D017t24","D017",24,2000,-26.78819664,NA
"178","D017t31","D017",31,1970,-24.91985015,NA
"179","D017t31","D017",31,1971,-24.726731,NA
"180","D017t31","D017",31,1972,-25.50972888,NA
"181","D017t31","D017",31,1973,-25.355383,NA
"182","D017t31","D017",31,1974,-25.29409297,NA
"183","D017t31","D017",31,1975,-26.26514121,NA
"184","D017t31","D017",31,1976,-24.84387877,NA
"185","D017t31","D017",31,1977,-23.91697551,NA
"186","D017t31","D017",31,1978,-26.08611776,NA
"187","D017t31","D017",31,1979,-25.79852915,NA
"188","D017t31","D017",31,1980,-25.43335362,NA
"189","D017t31","D017",31,1981,-25.67207175,NA
"190","D017t31","D017",31,1982,-24.55857214,NA
"191","D017t31","D017",31,1983,-24.56174266,NA
"192","D017t31","D017",31,1984,-25.0146831,NA
"193","D017t31","D017",31,1985,-25.98524668,NA
"194","D017t31","D017",31,1986,-25.31182366,NA
"195","D017t31","D017",31,1987,-25.55248045,NA
"196","D017t31","D017",31,1988,-27.77859113,NA
"197","D017t31","D017",31,1989,-25.52224942,NA
"198","D017t31","D017",31,1990,-25.93253926,NA
"199","D017t31","D017",31,1991,-25.69434619,NA
"200","D017t31","D017",31,1992,-26.77541358,NA
"201","D017t31","D017",31,1993,-26.5032939,NA
"202","D017t31","D017",31,1994,-26.4386112,NA
"203","D017t31","D017",31,1995,-26.40494711,NA
"204","D017t31","D017",31,1996,-26.4527069,NA
"205","D017t31","D017",31,1997,-26.3912553,NA
"206","D017t31","D017",31,1998,-26.95163001,NA
"207","D017t31","D017",31,1999,-25.94556466,NA
"208","D017t31","D017",31,2000,-27.01289985,NA
"209","D022t20","D022",20,1970,-22.76363232,NA
"210","D022t20","D022",20,1971,-22.56558574,NA
"211","D022t20","D022",20,1972,-24.09004161,NA
"212","D022t20","D022",20,1973,-24.65776708,NA
"213","D022t20","D022",20,1974,-23.99153328,NA
"214","D022t20","D022",20,1975,-24.41773632,NA
"215","D022t20","D022",20,1976,-23.69334261,NA
"216","D022t20","D022",20,1977,-23.87392103,NA
"217","D022t20","D022",20,1978,-23.63372871,NA
"218","D022t20","D022",20,1979,-22.64327363,NA
"219","D022t20","D022",20,1980,-23.00212831,NA
"220","D022t20","D022",20,1981,-23.90865541,NA
"221","D022t20","D022",20,1982,-24.35474995,NA
"222","D022t20","D022",20,1983,-23.9730352,NA
"223","D022t20","D022",20,1984,-25.22270572,NA
"224","D022t20","D022",20,1985,-24.68492856,NA
"225","D022t20","D022",20,1986,-25.02169056,NA
"226","D022t20","D022",20,1987,-25.52012901,NA
"227","D022t20","D022",20,1988,-25.08703967,NA
"228","D022t20","D022",20,1989,-24.53084521,NA
"229","D022t20","D022",20,1990,-25.06805693,NA
"230","D022t20","D022",20,1991,-25.39783165,NA
"231","D022t20","D022",20,1992,-25.26523515,NA
"232","D022t20","D022",20,1993,-24.60919952,NA
"233","D022t20","D022",20,1994,-25.5700092,NA
"234","D022t20","D022",20,1995,-24.62935355,NA
"235","D022t20","D022",20,1996,-24.04405894,NA
"236","D022t20","D022",20,1997,-23.9560315,NA
"237","D022t20","D022",20,1998,-23.29319036,NA
"238","D022t20","D022",20,1999,-23.40872258,"analyzed sample under target weight"
"239","D022t20","D022",20,2000,-24.54399177,NA
"240","D022t38","D022",38,1970,-22.20129876,NA
"241","D022t38","D022",38,1971,-23.67583405,NA
"242","D022t38","D022",38,1972,-24.35551734,NA
"243","D022t38","D022",38,1973,-24.80177343,NA
"244","D022t38","D022",38,1974,-23.87721272,NA
"245","D022t38","D022",38,1975,-23.9791743,NA
"246","D022t38","D022",38,1976,-23.69049519,NA
"247","D022t38","D022",38,1977,-24.16371082,NA
"248","D022t38","D022",38,1978,-24.60106118,NA
"249","D022t38","D022",38,1979,-23.70558042,NA
"250","D022t38","D022",38,1980,-23.82983663,NA
"251","D022t38","D022",38,1981,-23.3754018,NA
"252","D022t38","D022",38,1982,-23.99250261,NA
"253","D022t38","D022",38,1983,-23.69188861,NA
"254","D022t38","D022",38,1984,-24.72798305,NA
"255","D022t38","D022",38,1985,-25.72045756,NA
"256","D022t38","D022",38,1986,-24.85278451,NA
"257","D022t38","D022",38,1987,-25.0746403,NA
"258","D022t38","D022",38,1988,-25.71330874,NA
"259","D022t38","D022",38,1989,-25.30219092,NA
"260","D022t38","D022",38,1990,-25.46104016,NA
"261","D022t38","D022",38,1991,-25.42590189,NA
"262","D022t38","D022",38,1992,-25.81836006,NA
"263","D022t38","D022",38,1993,-24.98461362,NA
"264","D022t38","D022",38,1994,-25.13086154,NA
"265","D022t38","D022",38,1995,-23.87157848,NA
"266","D022t38","D022",38,1996,-24.03818236,NA
"267","D022t38","D022",38,1997,-23.21994523,NA
"268","D022t38","D022",38,1998,-22.56552515,NA
"269","D022t38","D022",38,1999,-22.73115971,NA
"270","D022t38","D022",38,2000,-23.64120064,NA
"271","D022t91","D022",91,1970,-22.41255249,NA
"272","D022t91","D022",91,1971,-22.45857555,NA
"273","D022t91","D022",91,1972,-23.873295,NA
"274","D022t91","D022",91,1973,-24.10155243,NA
"275","D022t91","D022",91,1974,-24.15048348,NA
"276","D022t91","D022",91,1975,-23.96677493,NA
"277","D022t91","D022",91,1976,-23.56399741,NA
"278","D022t91","D022",91,1977,-24.04331175,NA
"279","D022t91","D022",91,1978,-23.53146421,NA
"280","D022t91","D022",91,1979,-24.5012604,NA
"281","D022t91","D022",91,1981,-24.05777094,NA
"282","D022t91","D022",91,1982,-23.47566705,NA
"283","D022t91","D022",91,1983,-23.42669561,NA
"284","D022t91","D022",91,1984,-24.32282258,NA
"285","D022t91","D022",91,1985,-24.11488074,NA
"286","D022t91","D022",91,1986,-24.3809421,NA
"287","D022t91","D022",91,1987,-25.23635715,NA
"288","D022t91","D022",91,1988,-23.80600722,NA
"289","D022t91","D022",91,1989,-24.35260934,NA
"290","D022t91","D022",91,1990,-24.67723449,NA
"291","D022t91","D022",91,1991,-24.06451588,NA
"292","D022t91","D022",91,1992,-23.56036241,NA
"293","D022t91","D022",91,1993,-24.22813099,NA
"294","D022t91","D022",91,1994,-23.90621189,NA
"295","D022t91","D022",91,1995,-23.48251296,NA
"296","D022t91","D022",91,1996,-23.31665626,NA
"297","D022t91","D022",91,1997,-23.21855181,NA
"298","D022t91","D022",91,1998,-23.27370275,NA
"299","D022t91","D022",91,1999,-23.60220523,NA
"300","D022t91","D022",91,2000,-23.7164854,NA
"301","D953t15","D953",15,1970,-25.17813666,NA
"302","D953t15","D953",15,1971,-24.89886815,NA
"303","D953t15","D953",15,1972,-25.10329617,NA
"304","D953t15","D953",15,1973,-26.35654111,NA
"305","D953t15","D953",15,1974,-26.74901949,NA
"306","D953t15","D953",15,1975,-26.58881722,NA
"307","D953t15","D953",15,1976,-24.80128876,NA
"308","D953t15","D953",15,1977,-25.55147073,NA
"309","D953t15","D953",15,1978,-25.66674043,NA
"310","D953t15","D953",15,1979,-25.73935953,NA
"311","D953t15","D953",15,1980,-25.77320536,NA
"312","D953t15","D953",15,1981,-25.58022757,NA
"313","D953t15","D953",15,1982,-24.82891471,NA
"314","D953t15","D953",15,1983,-25.12932677,NA
"315","D953t15","D953",15,1984,-25.94243452,NA
"316","D953t15","D953",15,1985,-26.90780814,NA
"317","D953t15","D953",15,1986,-26.16812726,NA
"318","D953t15","D953",15,1987,-26.92315589,NA
"319","D953t15","D953",15,1988,-26.33566009,NA
"320","D953t15","D953",15,1989,-25.4457328,NA
"321","D953t15","D953",15,1990,-25.16745382,NA
"322","D953t15","D953",15,1991,-25.84396658,NA
"323","D953t15","D953",15,1992,-26.60868853,NA
"324","D953t15","D953",15,1993,-26.49148016,NA
"325","D953t15","D953",15,1994,-26.0776563,NA
"326","D953t15","D953",15,1995,-25.44379413,NA
"327","D953t15","D953",15,1996,-26.09623516,NA
"328","D953t15","D953",15,1997,-25.78806845,NA
"329","D953t15","D953",15,1998,-26.8049782,NA
"330","D953t15","D953",15,1999,-26.5307381,NA
"331","D953t15","D953",15,2000,-26.5986721,NA
"332","D953t29","D953",29,1970,-25.57416925,NA
"333","D953t29","D953",29,1971,-25.48999895,NA
"334","D953t29","D953",29,1972,-26.29268639,NA
"335","D953t29","D953",29,1973,-26.03201693,NA
"336","D953t29","D953",29,1974,-26.43630903,NA
"337","D953t29","D953",29,1975,-25.95366262,NA
"338","D953t29","D953",29,1976,-24.69555082,NA
"339","D953t29","D953",29,1977,-25.92474422,NA
"340","D953t29","D953",29,1978,-26.11481401,NA
"341","D953t29","D953",29,1979,-26.2098893,NA
"342","D953t29","D953",29,1980,-25.62934038,NA
"343","D953t29","D953",29,1981,-26.02337372,NA
"344","D953t29","D953",29,1982,-24.66388599,NA
"345","D953t29","D953",29,1983,-25.07924463,NA
"346","D953t29","D953",29,1984,-26.25068201,NA
"347","D953t29","D953",29,1985,-26.72613922,NA
"348","D953t29","D953",29,1986,-26.61127341,NA
"349","D953t29","D953",29,1988,-26.90352692,NA
"350","D953t29","D953",29,1989,-26.41352974,NA
"351","D953t29","D953",29,1990,-25.48490995,NA
"352","D953t29","D953",29,1991,-26.29575594,"analyzed sample under target weight"
"353","D953t29","D953",29,1992,-25.81351341,NA
"354","D953t29","D953",29,1993,-25.79751943,NA
"355","D953t29","D953",29,1994,-25.3792528,NA
"356","D953t29","D953",29,1995,-25.39136944,NA
"357","D953t29","D953",29,1996,-26.02095039,NA
"358","D953t29","D953",29,1997,-25.58038913,NA
"359","D953t29","D953",29,1998,-26.2351727,NA
"360","D953t29","D953",29,1999,-25.58739659,NA
"361","D953t29","D953",29,2000,-26.08625912,NA
"362","D953t33","D953",33,1970,-24.65324353,NA
"363","D953t33","D953",33,1971,-24.60443364,NA
"364","D953t33","D953",33,1972,-25.26129724,NA
"365","D953t33","D953",33,1973,-25.93851681,NA
"366","D953t33","D953",33,1974,-25.53493151,NA
"367","D953t33","D953",33,1975,-25.32908988,NA
"368","D953t33","D953",33,1976,-24.97590983,NA
"369","D953t33","D953",33,1977,-26.08607737,NA
"370","D953t33","D953",33,1978,-25.89865304,NA
"371","D953t33","D953",33,1979,-25.80428456,NA
"372","D953t33","D953",33,1980,-25.28050213,NA
"373","D953t33","D953",33,1981,-25.71829676,NA
"374","D953t33","D953",33,1982,-24.86688021,NA
"375","D953t33","D953",33,1983,-25.42971863,NA
"376","D953t33","D953",33,1984,-26.45105095,NA
"377","D953t33","D953",33,1985,-26.50692889,NA
"378","D953t33","D953",33,1986,-25.94538291,NA
"379","D953t33","D953",33,1987,-27.38728403,NA
"380","D953t33","D953",33,1988,-27.5012007,NA
"381","D953t33","D953",33,1989,-26.88617992,NA
"382","D953t33","D953",33,1990,-26.54354136,NA
"383","D953t33","D953",33,1991,-26.17763883,NA
"384","D953t33","D953",33,1992,-26.7713747,NA
"385","D953t33","D953",33,1993,-25.99253686,NA
"386","D953t33","D953",33,1994,-25.29415355,NA
"387","D953t33","D953",33,1995,-25.17884346,NA
"388","D953t33","D953",33,1996,-25.49244247,NA
"389","D953t33","D953",33,1997,-25.55886189,NA
"390","D953t33","D953",33,1998,-26.52094381,NA
"391","D953t33","D953",33,1999,-26.50206204,NA
"392","D953t33","D953",33,2000,-26.17687144,NA
"393","F107t25","F107",25,1970,-24.76118266,NA
"394","F107t25","F107",25,1971,-25.16783751,NA
"395","F107t25","F107",25,1972,-25.35542339,NA
"396","F107t25","F107",25,1973,-25.87252147,NA
"397","F107t25","F107",25,1974,-25.69161994,NA
"398","F107t25","F107",25,1975,-25.76080599,NA
"399","F107t25","F107",25,1976,-25.86682665,NA
"400","F107t25","F107",25,1977,-25.65393717,NA
"401","F107t25","F107",25,1978,-25.88015496,NA
"402","F107t25","F107",25,1979,-25.62267622,NA
"403","F107t25","F107",25,1980,-26.61757407,NA
"404","F107t25","F107",25,1981,-25.12419739,NA
"405","F107t25","F107",25,1982,-25.91105241,NA
"406","F107t25","F107",25,1983,-25.45001401,NA
"407","F107t25","F107",25,1984,-25.54052536,NA
"408","F107t25","F107",25,1985,-25.73281654,NA
"409","F107t25","F107",25,1986,-24.72604439,NA
"410","F107t25","F107",25,1987,-25.53386121,NA
"411","F107t25","F107",25,1989,-25.94909868,NA
"412","F107t25","F107",25,1990,-26.39341611,NA
"413","F107t25","F107",25,1991,-25.15012701,NA
"414","F107t25","F107",25,1992,-26.77089003,NA
"415","F107t25","F107",25,1993,-26.16247282,NA
"416","F107t25","F107",25,1994,-26.61741251,NA
"417","F107t25","F107",25,1995,-25.96149805,NA
"418","F107t25","F107",25,1996,-26.11400624,NA
"419","F107t25","F107",25,1997,-25.68782339,NA
"420","F107t25","F107",25,1998,-26.29688682,NA
"421","F107t25","F107",25,1999,-25.61383107,NA
"422","F107t25","F107",25,2000,-26.07846408,NA
"423","F107t30","F107",30,1970,-27.35087351,"analyzed sample under target weight"
"424","F107t30","F107",30,1971,-25.91270835,NA
"425","F107t30","F107",30,1972,-26.7117608,NA
"426","F107t30","F107",30,1973,-27.20062709,NA
"427","F107t30","F107",30,1974,-27.11952634,NA
"428","F107t30","F107",30,1975,-27.26524921,NA
"429","F107t30","F107",30,1976,-27.63682637,NA
"430","F107t30","F107",30,1977,-27.41711118,NA
"431","F107t30","F107",30,1978,-27.79838165,NA
"432","F107t30","F107",30,1979,-27.92132523,NA
"433","F107t30","F107",30,1980,-27.80161276,NA
"434","F107t30","F107",30,1981,-27.44344469,NA
"435","F107t30","F107",30,1982,-26.02773572,NA
"436","F107t30","F107",30,1983,-26.55844483,NA
"437","F107t30","F107",30,1984,-27.60774642,NA
"438","F107t30","F107",30,1985,-28.11131424,NA
"439","F107t30","F107",30,1986,-27.4361747,NA
"440","F107t30","F107",30,1987,-29.13783653,"analyzed sample under target weight"
"441","F107t30","F107",30,1988,-28.78887711,"analyzed sample under target weight"
"442","F107t30","F107",30,1989,-28.5547835,"analyzed sample under target weight"
"443","F107t30","F107",30,1990,-28.42246972,"analyzed sample under target weight"
"444","F107t30","F107",30,1991,-27.55734117,NA
"445","F107t30","F107",30,1992,-28.39532844,NA
"446","F107t30","F107",30,1995,-28.03328304,NA
"447","F107t30","F107",30,1996,-28.98371279,"analyzed sample under target weight"
"448","F107t30","F107",30,1997,-30.36452582,NA
"449","F107t30","F107",30,1998,-27.97948513,NA
"450","F107t30","F107",30,1999,-28.06276688,NA
"451","F107t30","F107",30,2000,-28.24229519,NA
"452","F107t36","F107",36,1970,-26.91645135,"analyzed sample under target weight"
"453","F107t36","F107",36,1971,-26.31857562,NA
"454","F107t36","F107",36,1972,-25.9165049,NA
"455","F107t36","F107",36,1973,-25.52703549,NA
"456","F107t36","F107",36,1974,-26.34438408,NA
"457","F107t36","F107",36,1975,-26.16816765,NA
"458","F107t36","F107",36,1976,-26.48437173,NA
"459","F107t36","F107",36,1977,-26.64471535,NA
"460","F107t36","F107",36,1978,-26.37835108,NA
"461","F107t36","F107",36,1979,-25.67869552,NA
"462","F107t36","F107",36,1980,-26.36033766,NA
"463","F107t36","F107",36,1981,-26.9654026,NA
"464","F107t36","F107",36,1982,-26.8483154,NA
"465","F107t36","F107",36,1983,-25.10953625,NA
"466","F107t36","F107",36,1984,-25.37242709,NA
"467","F107t36","F107",36,1985,-25.15743739,NA
"468","F107t36","F107",36,1986,-26.8587963,NA
"469","F107t36","F107",36,1987,-25.94643302,NA
"470","F107t36","F107",36,1988,-27.64060272,NA
"471","F107t36","F107",36,1989,-27.26234121,NA
"472","F107t36","F107",36,1990,-27.9261113,NA
"473","F107t36","F107",36,1991,-26.52811283,NA
"474","F107t36","F107",36,1992,-25.9996049,NA
"475","F107t36","F107",36,1993,-26.50052726,NA
"476","F107t36","F107",36,1994,-26.43729856,NA
"477","F107t36","F107",36,1995,-26.72183781,NA
"478","F107t36","F107",36,1996,-26.37168692,NA
"479","F107t36","F107",36,1997,-26.06224796,NA
"480","F107t36","F107",36,1998,-27.06528415,NA
"481","F107t36","F107",36,1999,-26.09476096,NA
"482","F107t36","F107",36,2000,-26.74980707,NA
"483","F107t39","F107",39,1991,-27.33148688,"analyzed sample under target weight"
"484","F107t39","F107",39,1992,-26.3388912,NA
"485","F107t39","F107",39,1993,NA,"Too small; below LOQ"
"486","F107t39","F107",39,1994,-27.87818996,NA
"487","F107t39","F107",39,1995,-27.16670048,NA
"488","F107t39","F107",39,1996,-26.7547345,NA
"489","F107t39","F107",39,1997,-27.15119118,NA
"490","F107t39","F107",39,1998,-27.60193043,NA
"491","F107t39","F107",39,1999,-27.05522734,NA
"492","F109t39","F109",39,1970,-27.53668228,NA
"493","F109t39","F109",39,1971,-26.51090719,NA
"494","F109t39","F109",39,1972,-25.43666551,NA
"495","F109t39","F109",39,1973,-26.41280274,NA
"496","F109t39","F109",39,1974,-26.56510899,NA
"497","F109t39","F109",39,1975,-26.47314364,NA
"498","F109t39","F109",39,1976,-25.69198344,NA
"499","F109t39","F109",39,1977,-26.06045066,NA
"500","F109t39","F109",39,1978,-26.4754458,NA
"501","F109t39","F109",39,1979,-27.58642112,NA
"502","F109t39","F109",39,1980,-27.59332761,NA
"503","F109t39","F109",39,1981,-27.59538744,NA
"504","F109t39","F109",39,1982,-27.20886641,NA
"505","F109t39","F109",39,1983,-26.36566899,NA
"506","F109t39","F109",39,1984,-26.40650208,NA
"507","F109t39","F109",39,1985,-26.76333732,NA
"508","F109t39","F109",39,1986,-26.36021649,NA
"509","F109t39","F109",39,1987,-27.75908333,NA
"510","F109t39","F109",39,1988,-28.27391964,"analyzed sample under target weight"
"511","F109t39","F109",39,1989,-28.37000464,"analyzed sample under target weight"
"512","F109t39","F109",39,1990,-28.46608965,"analyzed sample under target weight"
"513","F109t39","F109",39,2000,-27.7754408,NA
"514","F109t41","F109",41,1970,-27.35862816,NA
"515","F109t41","F109",41,1971,-26.92436755,NA
"516","F109t41","F109",41,1972,-26.40965241,NA
"517","F109t41","F109",41,1973,-27.25684833,NA
"518","F109t41","F109",41,1974,-26.93890753,NA
"519","F109t41","F109",41,1975,-27.03487137,NA
"520","F109t41","F109",41,1976,-27.40806408,NA
"521","F109t41","F109",41,1977,-27.50015059,NA
"522","F109t41","F109",41,1978,-27.85129101,NA
"523","F109t41","F109",41,1979,-27.70068109,NA
"524","F109t41","F109",41,1980,-27.39110078,NA
"525","F109t41","F109",41,1981,-27.15422034,NA
"526","F109t41","F109",41,1982,-26.78163346,NA
"527","F109t41","F109",41,1983,-26.53602903,NA
"528","F109t41","F109",41,1984,-26.1343622,NA
"529","F109t41","F109",41,1985,-26.44321552,NA
"530","F109t41","F109",41,1986,-26.53009188,NA
"531","F109t41","F109",41,1987,-26.26085999,NA
"532","F109t41","F109",41,1988,-27.83856853,NA
"533","F109t41","F109",41,1989,-27.6171974,NA
"534","F109t41","F109",41,1990,-27.4394462,NA
"535","F109t41","F109",41,1991,-27.30046826,NA
"536","F109t41","F109",41,1992,-26.14563069,NA
"537","F109t41","F109",41,1993,-27.56824615,NA
"538","F109t41","F109",41,1994,-28.17953096,NA
"539","F109t41","F109",41,1995,-27.47252464,NA
"540","F109t41","F109",41,1996,-26.40179679,NA
"541","F109t41","F109",41,1997,-26.52148906,NA
"542","F109t41","F109",41,1998,-27.45541997,NA
"543","F109t41","F109",41,1999,-26.35763161,NA
"544","F109t41","F109",41,2000,-26.75164476,NA
"545","F109t59","F109",59,1970,-27.47135336,NA
"546","F109t59","F109",59,1971,-26.08179615,NA
"547","F109t59","F109",59,1972,-25.27965396,NA
"548","F109t59","F109",59,1973,-26.82426386,NA
"549","F109t59","F109",59,1974,-26.09043936,NA
"550","F109t59","F109",59,1975,-26.49802315,NA
"551","F109t59","F109",59,1976,-26.31819193,NA
"552","F109t59","F109",59,1977,-26.20427525,NA
"553","F109t59","F109",59,1978,-27.48328826,NA
"554","F109t59","F109",59,1979,-27.6844044,NA
"555","F109t59","F109",59,1980,-27.1449511,NA
"556","F109t59","F109",59,1981,-26.98450651,NA
"557","F109t59","F109",59,1982,-26.49255047,NA
"558","F109t59","F109",59,1983,-26.11463841,NA
"559","F109t59","F109",59,1984,-26.12173982,NA
"560","F109t59","F109",59,1985,-26.94792653,NA
"561","F109t59","F109",59,1986,-26.69427771,NA
"562","F109t59","F109",59,1987,-27.98671297,NA
"563","F109t59","F109",59,1988,NA,"Too small; below LOQ"
"564","F109t59","F109",59,1989,-28.4962443,NA
"565","F109t59","F109",59,1990,-27.72206434,NA
"566","F109t59","F109",59,1991,-27.42479559,NA
"567","F109t59","F109",59,1992,-28.16686907,NA
"568","F109t59","F109",59,1993,NA,""
"569","F109t59","F109",59,1994,-25.76401691,NA
"570","F109t59","F109",59,1995,-27.93205109,NA
"571","F109t59","F109",59,1996,-27.46708795,NA
"572","F109t59","F109",59,1997,-27.45771072,NA
"573","F109t59","F109",59,1998,-28.00376057,NA
"574","F109t59","F109",59,1999,-26.36881405,NA
"575","F109t59","F109",59,2000,-26.69676425,NA
"576","L135t30","L135",30,1970,-27.32714596,NA
"577","L135t30","L135",30,1971,-25.85323581,NA
"578","L135t30","L135",30,1972,-26.0780198,NA
"579","L135t30","L135",30,1973,-26.52768874,NA
"580","L135t30","L135",30,1974,-26.37928002,NA
"581","L135t30","L135",30,1975,-26.28030721,NA
"582","L135t30","L135",30,1976,-26.86762126,NA
"583","L135t30","L135",30,1977,-26.39448641,NA
"584","L135t30","L135",30,1978,-27.32009723,NA
"585","L135t30","L135",30,1979,-27.44213205,NA
"586","L135t30","L135",30,1980,-26.98246687,NA
"587","L135t30","L135",30,1981,-26.0624701,NA
"588","L135t30","L135",30,1982,-26.05364514,NA
"589","L135t30","L135",30,1983,-26.45969416,NA
"590","L135t30","L135",30,1984,-26.71549676,NA
"591","L135t30","L135",30,1985,-28.3506584,NA
"592","L135t30","L135",30,1986,-25.76050308,NA
"593","L135t30","L135",30,1987,-26.24991462,NA
"594","L135t30","L135",30,1988,-27.24628666,NA
"595","L135t30","L135",30,1989,-26.6951206,NA
"596","L135t30","L135",30,1990,-26.61975506,NA
"597","L135t30","L135",30,1991,-26.20318476,NA
"598","L135t30","L135",30,1992,-26.45933066,NA
"599","L135t30","L135",30,1993,-26.78139113,NA
"600","L135t30","L135",30,1994,-27.1373782,NA
"601","L135t30","L135",30,1995,-26.88462495,NA
"602","L135t30","L135",30,1996,-26.05124201,NA
"603","L135t30","L135",30,1997,-26.16974281,NA
"604","L135t30","L135",30,1998,-26.4794443,NA
"605","L135t30","L135",30,1999,-26.62605572,NA
"606","L135t30","L135",30,2000,-27.05862,NA
"607","L135t36","L135",36,1970,-25.7958231,NA
"608","L135t36","L135",36,1971,-24.81607107,NA
"609","L135t36","L135",36,1972,-25.08094096,NA
"610","L135t36","L135",36,1973,-26.48574495,NA
"611","L135t36","L135",36,1974,-25.74541785,NA
"612","L135t36","L135",36,1975,-25.78055613,NA
"613","L135t36","L135",36,1976,-26.48560359,NA
"614","L135t36","L135",36,1977,-26.21687657,NA
"615","L135t36","L135",36,1978,-26.16818784,NA
"616","L135t36","L135",36,1979,-26.23872692,NA
"617","L135t36","L135",36,1980,-26.00198784,"analyzed sample under target weight"
"618","L135t36","L135",36,1981,-25.11676584,NA
"619","L135t36","L135",36,1982,-25.59248558,NA
"620","L135t36","L135",36,1983,-25.31697323,NA
"621","L135t36","L135",36,1984,-26.65345953,NA
"622","L135t36","L135",36,1985,-26.60067134,NA
"623","L135t36","L135",36,1986,-25.53903097,NA
"624","L135t36","L135",36,1987,-24.84379799,NA
"625","L135t36","L135",36,1988,-26.49628643,NA
"626","L135t36","L135",36,1989,-25.78942147,NA
"627","L135t36","L135",36,1990,-26.62573261,NA
"628","L135t36","L135",36,1991,-25.97024223,NA
"629","L135t36","L135",36,1992,-25.23817464,NA
"630","L135t36","L135",36,1993,-25.92617802,NA
"631","L135t36","L135",36,1994,-26.79492138,NA
"632","L135t36","L135",36,1995,-25.74051061,NA
"633","L135t36","L135",36,1996,-24.56105605,NA
"634","L135t36","L135",36,1997,-25.44821671,NA
"635","L135t36","L135",36,1998,-26.38287462,NA
"636","L135t36","L135",36,1999,-25.70456456,NA
"637","L135t36","L135",36,2000,-26.54131997,NA
"638","L135t56","L135",56,1970,-26.59097803,NA
"639","L135t56","L135",56,1971,-25.33785425,NA
"640","L135t56","L135",56,1972,-25.58838611,NA
"641","L135t56","L135",56,1973,-26.36504296,NA
"642","L135t56","L135",56,1974,-25.34068147,NA
"643","L135t56","L135",56,1975,-26.01749715,"analyzed sample under target weight"
"644","L135t56","L135",56,1976,-26.43162393,NA
"645","L135t56","L135",56,1977,-26.21956242,NA
"646","L135t56","L135",56,1978,-26.44660818,NA
"647","L135t56","L135",56,1979,-26.29658391,NA
"648","L135t56","L135",56,1980,-25.60567253,NA
"649","L135t56","L135",56,1981,-25.08776667,NA
"650","L135t56","L135",56,1982,-24.90112993,NA
"651","L135t56","L135",56,1983,-25.51322252,NA
"652","L135t56","L135",56,1984,-26.12337644,NA
"653","L135t56","L135",56,1985,-26.41074291,NA
"654","L135t56","L135",56,1986,-25.32553566,NA
"655","L135t56","L135",56,1987,-26.0733347,NA
"656","L135t56","L135",56,1988,-26.47895963,NA
"657","L135t56","L135",56,1989,-25.91234485,NA
"658","L135t56","L135",56,1990,-26.22826621,NA
"659","L135t56","L135",56,1991,-25.90980036,NA
"660","L135t56","L135",56,1992,-25.70183831,NA
"661","L135t56","L135",56,1993,-25.94655418,NA
"662","L135t56","L135",56,1994,-27.00647803,NA
"663","L135t56","L135",56,1995,-26.21982495,NA
"664","L135t56","L135",56,1996,-24.7982596,NA
"665","L135t56","L135",56,1997,-25.01486485,NA
"666","L135t56","L135",56,1998,-26.06800337,"analyzed sample under target weight"
"667","L135t56","L135",56,1999,-25.23927248,NA
"668","L135t56","L135",56,2000,-26.10565677,NA
"669","M002t13","M002",13,1971,-27.69613184,NA
"670","M002t13","M002",13,1972,-27.01449337,NA
"671","M002t13","M002",13,1973,-26.09946626,NA
"672","M002t13","M002",13,1974,-26.38596988,NA
"673","M002t13","M002",13,1975,-25.87542947,NA
"674","M002t13","M002",13,1976,-24.78644587,NA
"675","M002t13","M002",13,1977,-25.58214604,NA
"676","M002t13","M002",13,1978,-25.3361616,NA
"677","M002t13","M002",13,1979,-26.09785805,NA
"678","M002t13","M002",13,1980,-26.71221609,NA
"679","M002t13","M002",13,1981,-25.90844182,NA
"680","M002t13","M002",13,1982,-25.89467291,NA
"681","M002t13","M002",13,1983,-26.67381734,NA
"682","M002t13","M002",13,1984,-25.39991719,NA
"683","M002t13","M002",13,1985,-26.1906936,NA
"684","M002t13","M002",13,1986,-26.46675486,NA
"685","M002t13","M002",13,1987,-29.12584632,NA
"686","M002t13","M002",13,1988,-28.84457154,"analyzed sample under target weight"
"687","M002t13","M002",13,1989,-27.93904714,NA
"688","M002t13","M002",13,1990,-27.33110757,NA
"689","M002t13","M002",13,1991,-26.83270249,NA
"690","M002t13","M002",13,1992,-26.48745182,NA
"691","M002t13","M002",13,1993,-26.42136868,NA
"692","M002t13","M002",13,1994,-26.59858781,NA
"693","M002t13","M002",13,1995,-26.46368212,NA
"694","M002t13","M002",13,1996,-26.79072094,NA
"695","M002t13","M002",13,1997,-26.11358216,NA
"696","M002t13","M002",13,1998,-26.55994097,NA
"697","M002t13","M002",13,1999,-26.88546785,NA
"698","M002t27","M002",27,1970,-27.73443386,NA
"699","M002t27","M002",27,1971,-26.92390396,NA
"700","M002t27","M002",27,1972,-26.43422286,NA
"701","M002t27","M002",27,1973,-26.89448685,NA
"702","M002t27","M002",27,1974,-25.84162403,NA
"703","M002t27","M002",27,1975,-25.95741878,NA
"704","M002t27","M002",27,1976,-25.94358561,NA
"705","M002t27","M002",27,1977,-26.47645552,NA
"706","M002t27","M002",27,1978,-26.31819193,NA
"707","M002t27","M002",27,1979,-26.18319229,NA
"708","M002t27","M002",27,1980,-26.03559134,NA
"709","M002t27","M002",27,1981,-24.8459588,NA
"710","M002t27","M002",27,1982,-26.83573429,NA
"711","M002t27","M002",27,1983,-25.85063073,NA
"712","M002t27","M002",27,1984,-25.80357776,NA
"713","M002t27","M002",27,1985,-27.01691854,NA
"714","M002t27","M002",27,1986,-26.89936687,NA
"715","M002t27","M002",27,1987,-27.62610313,"analyzed sample under target weight"
"716","M002t27","M002",27,1988,-27.93796542,NA
"717","M002t27","M002",27,1989,-27.55481686,NA
"718","M002t27","M002",27,1990,-26.84694218,NA
"719","M002t27","M002",27,1991,-26.16717812,NA
"720","M002t27","M002",27,1992,-26.69326272,NA
"721","M002t27","M002",27,1993,-25.94639263,NA
"722","M002t27","M002",27,1994,-26.51870223,NA
"723","M002t27","M002",27,1995,-26.6315486,NA
"724","M002t27","M002",27,1996,-26.76281227,NA
"725","M002t27","M002",27,1997,-25.67562597,NA
"726","M002t27","M002",27,1998,-25.65470456,NA
"727","M002t27","M002",27,1999,-25.525218,NA
"728","M002t27","M002",27,2000,-26.17604347,NA
"729","M002t29","M002",29,1970,-27.71671546,NA
"730","M002t29","M002",29,1971,-27.71073791,NA
"731","M002t29","M002",29,1972,-26.63033693,NA
"732","M002t29","M002",29,1973,-26.80231254,NA
"733","M002t29","M002",29,1974,-25.67926096,NA
"734","M002t29","M002",29,1975,-24.32647777,NA
"735","M002t29","M002",29,1976,-25.23417615,NA
"736","M002t29","M002",29,1977,-25.00969508,NA
"737","M002t29","M002",29,1978,-25.43078893,NA
"738","M002t29","M002",29,1979,-26.28226607,NA
"739","M002t29","M002",29,1980,-26.20765211,NA
"740","M002t29","M002",29,1981,-25.8022818,NA
"741","M002t29","M002",29,1982,-26.26931004,NA
"742","M002t29","M002",29,1983,-25.93825428,NA
"743","M002t29","M002",29,1984,-26.09583127,NA
"744","M002t29","M002",29,1985,-26.98798522,NA
"745","M002t29","M002",29,1986,-28.77718192,NA
"746","M002t29","M002",29,1987,-29.39639523,NA
"747","M002t29","M002",29,1988,-28.5015124,NA
"748","M002t29","M002",29,1989,-27.65296785,NA
"749","M002t29","M002",29,1990,-26.87731282,NA
"750","M002t29","M002",29,1991,-26.28195349,NA
"751","M002t29","M002",29,1992,-26.11116146,NA
"752","M002t29","M002",29,1993,-26.37559937,NA
"753","M002t29","M002",29,1994,-26.59350935,NA
"754","M002t29","M002",29,1995,-26.17359907,NA
"755","M002t29","M002",29,1996,-26.58343673,NA
"756","M002t29","M002",29,1997,-25.29694389,NA
"757","M002t29","M002",29,1998,-25.90475702,NA
"758","M002t29","M002",29,1999,-26.11784142,NA
"759","M002t29","M002",29,2000,-26.65855994,NA
"760","M317t16","M317",16,1970,-25.02022076,NA
"761","M317t16","M317",16,1971,-24.94056698,NA
"762","M317t16","M317",16,1972,-24.94547685,NA
"763","M317t16","M317",16,1973,-25.58093438,NA
"764","M317t16","M317",16,1974,-25.51293628,NA
"765","M317t16","M317",16,1975,-24.55022131,NA
"766","M317t16","M317",16,1976,-25.49498257,NA
"767","M317t16","M317",16,1977,-25.99401983,NA
"768","M317t16","M317",16,1978,-26.5667263,NA
"769","M317t16","M317",16,1979,-26.16622372,NA
"770","M317t16","M317",16,1980,-25.13856352,NA
"771","M317t16","M317",16,1981,-25.00462716,NA
"772","M317t16","M317",16,1982,-25.10333042,NA
"773","M317t16","M317",16,1983,-25.33774011,NA
"774","M317t16","M317",16,1984,-26.36700182,NA
"775","M317t16","M317",16,1985,-26.81504379,NA
"776","M317t16","M317",16,1986,-25.11057933,NA
"777","M317t16","M317",16,1987,-25.74705097,NA
"778","M317t16","M317",16,1988,-25.89691808,NA
"779","M317t16","M317",16,1989,-25.54370203,NA
"780","M317t16","M317",16,1990,-25.16140603,NA
"781","M317t16","M317",16,1991,-25.50610882,NA
"782","M317t16","M317",16,1992,-25.35354443,NA
"783","M317t16","M317",16,1993,-25.97450676,NA
"784","M317t16","M317",16,1994,-26.14047321,NA
"785","M317t16","M317",16,1995,-26.42604676,NA
"786","M317t16","M317",16,1996,-25.69769934,NA
"787","M317t16","M317",16,1997,-25.32509665,NA
"788","M317t16","M317",16,1998,-26.26884644,NA
"789","M317t16","M317",16,1999,-24.43255287,NA
"790","M317t16","M317",16,2000,-24.75593036,NA
"791","M317t41","M317",41,1970,-26.6351432,NA
"792","M317t41","M317",41,1971,-26.10934133,NA
"793","M317t41","M317",41,1972,-25.90855006,NA
"794","M317t41","M317",41,1973,-26.2837868,NA
"795","M317t41","M317",41,1974,-25.61796127,NA
"796","M317t41","M317",41,1975,-24.83290794,NA
"797","M317t41","M317",41,1976,-25.4718029,NA
"798","M317t41","M317",41,1977,-25.86933427,NA
"799","M317t41","M317",41,1978,-25.71919322,NA
"800","M317t41","M317",41,1979,-26.23982971,NA
"801","M317t41","M317",41,1980,-25.93168759,NA
"802","M317t41","M317",41,1981,-25.29020071,NA
"803","M317t41","M317",41,1982,-26.15494997,NA
"804","M317t41","M317",41,1983,-25.72370272,NA
"805","M317t41","M317",41,1984,-25.81783325,NA
"806","M317t41","M317",41,1985,-26.97241269,NA
"807","M317t41","M317",41,1986,-26.40352034,NA
"808","M317t41","M317",41,1987,-26.94257413,NA
"809","M317t41","M317",41,1988,-27.6212117,NA
"810","M317t41","M317",41,1989,-26.54632818,NA
"811","M317t41","M317",41,1990,-25.059131,NA
"812","M317t41","M317",41,1991,-25.61246136,NA
"813","M317t41","M317",41,1992,-25.91895984,NA
"814","M317t41","M317",41,1993,-26.66165759,NA
"815","M317t41","M317",41,1994,-26.8227563,NA
"816","M317t41","M317",41,1995,-27.398729,NA
"817","M317t41","M317",41,1996,-25.40984996,NA
"818","M317t41","M317",41,1997,-25.00776695,NA
"819","M317t41","M317",41,1998,-25.82510324,NA
"820","M317t41","M317",41,1999,-24.46454081,NA
"821","M317t41","M317",41,2000,-25.34003701,NA
"822","M317t46","M317",46,1970,-25.8578498,NA
"823","M317t46","M317",46,1971,-25.84640747,NA
"824","M317t46","M317",46,1972,-26.32641632,NA
"825","M317t46","M317",46,1973,-26.69398269,NA
"826","M317t46","M317",46,1974,-26.01467081,NA
"827","M317t46","M317",46,1975,-25.13955392,NA
"828","M317t46","M317",46,1976,-25.87449701,NA
"829","M317t46","M317",46,1977,-25.71253433,NA
"830","M317t46","M317",46,1978,-26.28692659,NA
"831","M317t46","M317",46,1979,-26.35048103,NA
"832","M317t46","M317",46,1980,-26.28802235,NA
"833","M317t46","M317",46,1981,-25.60422204,NA
"834","M317t46","M317",46,1982,-25.72884439,NA
"835","M317t46","M317",46,1983,-24.9723442,NA
"836","M317t46","M317",46,1984,-25.57826871,NA
"837","M317t46","M317",46,1985,-25.9956266,NA
"838","M317t46","M317",46,1986,-25.61914132,NA
"839","M317t46","M317",46,1987,-26.19838024,NA
"840","M317t46","M317",46,1988,-26.9928108,NA
"841","M317t46","M317",46,1989,-25.88347387,NA
"842","M317t46","M317",46,1990,-25.65429014,NA
"843","M317t46","M317",46,1991,-25.79926844,NA
"844","M317t46","M317",46,1992,-25.27443854,NA
"845","M317t46","M317",46,1993,-25.73251099,NA
"846","M317t46","M317",46,1994,-26.42710038,NA
"847","M317t46","M317",46,1995,-26.6676562,NA
"848","M317t46","M317",46,1996,-25.81375574,NA
"849","M317t46","M317",46,1997,-24.32009634,NA
"850","M317t46","M317",46,1998,-25.82457994,NA
"851","M317t46","M317",46,1999,-24.1554715,NA
"852","M317t46","M317",46,2000,-25.28579306,NA
"853","N117t25","N117",25,1970,-27.15959205,NA
"854","N117t25","N117",25,1971,-26.56159516,NA
"855","N117t25","N117",25,1972,-26.77977557,NA
"856","N117t25","N117",25,1973,-27.31113091,NA
"857","N117t25","N117",25,1974,-26.45432245,NA
"858","N117t25","N117",25,1975,-26.74520274,NA
"859","N117t25","N117",25,1976,-27.42284639,NA
"860","N117t25","N117",25,1977,-26.16570393,NA
"861","N117t25","N117",25,1978,-27.44045592,NA
"862","N117t25","N117",25,1979,-27.52486855,NA
"863","N117t25","N117",25,1980,-27.27001509,NA
"864","N117t25","N117",25,1981,-26.90271915,NA
"865","N117t25","N117",25,1982,-27.21569212,NA
"866","N117t25","N117",25,1983,-26.75303817,NA
"867","N117t25","N117",25,1984,-27.17247609,NA
"868","N117t25","N117",25,1985,-27.22259861,NA
"869","N117t25","N117",25,1986,-26.70469275,NA
"870","N117t25","N117",25,1988,-27.43528615,NA
"871","N117t25","N117",25,1989,-27.54841524,NA
"872","N117t25","N117",25,1990,-26.37330247,NA
"873","N117t25","N117",25,1991,-26.74815113,NA
"874","N117t25","N117",25,1992,-27.14791968,NA
"875","N117t25","N117",25,1993,-26.91790534,NA
"876","N117t25","N117",25,1994,-26.93507059,NA
"877","N117t25","N117",25,1995,-27.27211531,NA
"878","N117t25","N117",25,1996,-26.9849104,NA
"879","N117t25","N117",25,1997,-26.40302865,NA
"880","N117t25","N117",25,1998,-26.21275691,NA
"881","N117t25","N117",25,1999,-26.32007001,NA
"882","N117t25","N117",25,2000,-26.26162738,NA
"883","N117t26","N117",26,1970,-26.62746933,NA
"884","N117t26","N117",26,1971,-26.45769492,NA
"885","N117t26","N117",26,1972,-26.70861047,NA
"886","N117t26","N117",26,1973,-27.24450955,NA
"887","N117t26","N117",26,1974,-26.81301557,NA
"888","N117t26","N117",26,1975,-26.86037147,NA
"889","N117t26","N117",26,1976,-26.75069562,NA
"890","N117t26","N117",26,1977,-26.04197278,NA
"891","N117t26","N117",26,1978,-26.99371516,NA
"892","N117t26","N117",26,1979,-27.19311477,NA
"893","N117t26","N117",26,1980,-26.64045433,NA
"894","N117t26","N117",26,1981,-26.74887812,NA
"895","N117t26","N117",26,1982,-26.69639285,NA
"896","N117t26","N117",26,1983,-26.99868299,NA
"897","N117t26","N117",26,1984,-27.71681643,NA
"898","N117t26","N117",26,1985,-27.85335084,NA
"899","N117t26","N117",26,1986,-26.64929949,NA
"900","N117t26","N117",26,1987,-27.67374175,"analyzed sample under target weight"
"901","N117t26","N117",26,1988,-27.20377742,NA
"902","N117t26","N117",26,1989,-26.9946441,NA
"903","N117t26","N117",26,1990,-27.21298607,NA
"904","N117t26","N117",26,1991,-26.4978616,NA
"905","N117t26","N117",26,1992,-26.64641168,NA
"906","N117t26","N117",26,1993,-26.50319292,NA
"907","N117t26","N117",26,1994,-27.45434967,NA
"908","N117t26","N117",26,1995,-28.02940571,NA
"909","N117t26","N117",26,1996,-27.54982885,NA
"910","N117t26","N117",26,1997,-28.10864858,NA
"911","N117t26","N117",26,1998,-28.13700153,NA
"912","N117t26","N117",26,1999,-28.35049684,NA
"913","N117t26","N117",26,2000,-28.60082676,NA
"914","N117t40","N117",40,1970,-27.12477689,NA
"915","N117t40","N117",40,1971,-26.64326136,NA
"916","N117t40","N117",40,1972,-26.92848721,NA
"917","N117t40","N117",40,1973,-26.8996496,NA
"918","N117t40","N117",40,1974,-26.52379122,NA
"919","N117t40","N117",40,1975,-26.02773572,NA
"920","N117t40","N117",40,1976,-26.00786442,NA
"921","N117t40","N117",40,1977,-25.92401722,NA
"922","N117t40","N117",40,1978,-26.30641858,NA
"923","N117t40","N117",40,1979,-27.88206729,NA
"924","N117t40","N117",40,1980,-27.17978646,NA
"925","N117t40","N117",40,1981,-26.48913761,NA
"926","N117t40","N117",40,1982,-25.79267277,NA
"927","N117t40","N117",40,1983,-26.62872138,NA
"928","N117t40","N117",40,1984,-27.30143759,NA
"929","N117t40","N117",40,1985,-27.44247536,NA
"930","N117t40","N117",40,1986,-26.65877066,NA
"931","N117t40","N117",40,1987,-28.1772288,"analyzed sample under target weight"
"932","N117t40","N117",40,1988,-26.93018354,NA
"933","N117t40","N117",40,1989,-27.51226724,NA
"934","N117t40","N117",40,1990,-27.63391837,NA
"935","N117t40","N117",40,1991,-27.12453455,NA
"936","N117t40","N117",40,1992,-26.37766447,NA
"937","N117t40","N117",40,1993,-26.04940432,NA
"938","N117t40","N117",40,1994,-26.59006928,NA
"939","N117t40","N117",40,1995,-27.47581633,NA
"940","N117t40","N117",40,1996,-27.19642666,NA
"941","N117t40","N117",40,1997,-27.0459581,NA
"942","N117t40","N117",40,1998,-26.32649183,NA
"943","N117t40","N117",40,1999,-26.26035513,NA
"944","N117t40","N117",40,2000,-26.7399522,NA
"945","N130t17","N130",17,1970,-27.40178362,NA
"946","N130t17","N130",17,1971,-26.03361229,NA
"947","N130t17","N130",17,1972,-25.98007691,NA
"948","N130t17","N130",17,1973,-26.35207815,NA
"949","N130t17","N130",17,1974,-25.3951256,NA
"950","N130t17","N130",17,1975,-25.06726934,NA
"951","N130t17","N130",17,1976,-24.98174601,NA
"952","N130t17","N130",17,1977,-24.47747138,NA
"953","N130t17","N130",17,1978,-25.20230937,NA
"954","N130t17","N130",17,1979,-25.50354939,NA
"955","N130t17","N130",17,1980,-24.97588437,NA
"956","N130t17","N130",17,1981,-24.63946304,NA
"957","N130t17","N130",17,1982,-25.03973383,NA
"958","N130t17","N130",17,1983,-23.99860834,NA
"959","N130t17","N130",17,1984,-26.03511107,NA
"960","N130t17","N130",17,1985,-27.36690963,NA
"961","N130t17","N130",17,1986,-27.96589341,NA
"962","N130t17","N130",17,1987,-26.88211733,NA
"963","N130t17","N130",17,1988,-26.94021402,NA
"964","N130t17","N130",17,1989,-26.73092529,NA
"965","N130t17","N130",17,1990,-26.31943994,NA
"966","N130t17","N130",17,1991,-25.12052552,NA
"967","N130t17","N130",17,1992,-26.24004043,NA
"968","N130t17","N130",17,1993,-25.84545921,NA
"969","N130t17","N130",17,1994,-25.88126126,NA
"970","N130t17","N130",17,1995,-26.06537107,NA
"971","N130t17","N130",17,1996,-25.25203854,NA
"972","N130t17","N130",17,1997,-25.52532687,NA
"973","N130t17","N130",17,1998,-26.38214762,"analyzed sample under target weight"
"974","N130t17","N130",17,1999,-26.96774515,"analyzed sample under target weight"
"975","N130t17","N130",17,2000,-28.74271269,"analyzed sample under target weight"
"976","N130t34","N130",34,1970,-26.06747832,"analyzed sample under target weight"
"977","N130t34","N130",34,1971,-24.74446169,NA
"978","N130t34","N130",34,1972,-24.69611627,NA
"979","N130t34","N130",34,1973,-25.22840055,NA
"980","N130t34","N130",34,1974,-25.00654475,NA
"981","N130t34","N130",34,1975,-24.50358276,NA
"982","N130t34","N130",34,1976,-24.36617998,NA
"983","N130t34","N130",34,1977,-24.16758815,NA
"984","N130t34","N130",34,1978,-23.94767102,NA
"985","N130t34","N130",34,1979,-25.42796172,NA
"986","N130t34","N130",34,1980,-24.6952681,NA
"987","N130t34","N130",34,1981,-23.37709813,NA
"988","N130t34","N130",34,1982,-24.80116759,NA
"989","N130t34","N130",34,1983,-24.09561527,"analyzed sample under target weight"
"990","N130t34","N130",34,1984,-25.14940001,NA
"991","N130t34","N130",34,1985,-24.43637576,NA
"992","N130t34","N130",34,1986,-25.48533404,"analyzed sample under target weight"
"993","N130t34","N130",34,1987,-24.67026742,NA
"994","N130t34","N130",34,1988,-25.49046342,"analyzed sample under target weight"
"995","N130t34","N130",34,1989,-25.02532555,"analyzed sample under target weight"
"996","N130t34","N130",34,1990,-25.12143075,NA
"997","N130t34","N130",34,1991,-24.90928847,NA
"998","N130t34","N130",34,1992,-25.27680655,NA
"999","N130t34","N130",34,1993,-25.64238597,NA
"1000","N130t34","N130",34,1994,-25.93734553,NA
"1001","N130t34","N130",34,1995,-25.873511,NA
"1002","N130t34","N130",34,1996,-25.22032278,NA
"1003","N130t34","N130",34,1997,-24.55550259,NA
"1004","N130t34","N130",34,1998,-25.75470728,NA
"1005","N130t34","N130",34,1999,-24.3783976,NA
"1006","N130t34","N130",34,2000,-24.90488609,NA
"1007","N307t10","N307",10,1970,-24.64330788,NA
"1008","N307t10","N307",10,1971,-24.63084793,NA
"1009","N307t10","N307",10,1972,-24.38540506,NA
"1010","N307t10","N307",10,1973,-24.89385994,NA
"1011","N307t10","N307",10,1974,-24.2100368,NA
"1012","N307t10","N307",10,1975,-24.19408322,NA
"1013","N307t10","N307",10,1976,-24.83630587,NA
"1014","N307t10","N307",10,1977,-24.1301881,NA
"1015","N307t10","N307",10,1978,-24.40503403,NA
"1016","N307t10","N307",10,1979,-24.56549882,NA
"1017","N307t10","N307",10,1980,-25.04002708,NA
"1018","N307t10","N307",10,1981,-23.85946183,NA
"1019","N307t10","N307",10,1982,-24.00441731,NA
"1020","N307t10","N307",10,1983,-24.23661265,NA
"1021","N307t10","N307",10,1984,-24.16928448,NA
"1022","N307t10","N307",10,1985,-24.90650164,NA
"1023","N307t10","N307",10,1986,-23.27467208,NA
"1024","N307t10","N307",10,1987,-24.07101848,NA
"1025","N307t10","N307",10,1988,-25.01276463,NA
"1026","N307t10","N307",10,1989,-25.6433553,NA
"1027","N307t10","N307",10,1990,-24.77293581,NA
"1028","N307t10","N307",10,1991,-23.68413395,NA
"1029","N307t10","N307",10,1992,-25.04483335,NA
"1030","N307t10","N307",10,1993,-25.43232371,NA
"1031","N307t10","N307",10,1994,-26.00398709,NA
"1032","N307t10","N307",10,1995,-26.76951681,NA
"1033","N307t10","N307",10,1996,-24.37114781,NA
"1034","N307t10","N307",10,1997,-24.44845201,NA
"1035","N307t10","N307",10,1998,-24.83400371,NA
"1036","N307t10","N307",10,1999,-24.52914888,NA
"1037","N307t10","N307",10,2000,-25.58063146,NA
"1038","N307t15","N307",15,1970,-25.29249761,NA
"1039","N307t15","N307",15,1971,-24.52551389,NA
"1040","N307t15","N307",15,1972,-24.62026606,NA
"1041","N307t15","N307",15,1973,-24.9796458,NA
"1042","N307t15","N307",15,1974,-25.72578889,NA
"1043","N307t15","N307",15,1975,-24.49934193,NA
"1044","N307t15","N307",15,1976,-25.34823418,NA
"1045","N307t15","N307",15,1977,-25.03481693,NA
"1046","N307t15","N307",15,1978,-26.18145557,NA
"1047","N307t15","N307",15,1979,-24.42106839,NA
"1048","N307t15","N307",15,1980,-25.08691851,NA
"1049","N307t15","N307",15,1981,-26.21707851,NA
"1050","N307t15","N307",15,1982,-26.82328643,NA
"1051","N307t15","N307",15,1983,-25.27174985,NA
"1052","N307t15","N307",15,1984,-26.42464876,NA
"1053","N307t15","N307",15,1986,-25.69219748,NA
"1054","N307t15","N307",15,1987,-23.89154265,NA
"1055","N307t15","N307",15,1988,-25.32360909,NA
"1056","N307t15","N307",15,1989,-25.13689157,NA
"1057","N307t15","N307",15,1990,-24.90073813,NA
"1058","N307t15","N307",15,1991,-24.80804579,NA
"1059","N307t15","N307",15,1992,-24.61587577,NA
"1060","N307t15","N307",15,1993,-25.66893352,NA
"1061","N307t15","N307",15,1994,-25.71679427,NA
"1062","N307t15","N307",15,1995,-26.8028093,NA
"1063","N307t15","N307",15,1996,-26.73822757,NA
"1064","N307t15","N307",15,1997,-25.62773692,NA
"1065","N307t15","N307",15,1998,-26.62942008,NA
"1066","N307t15","N307",15,1999,-25.59162931,NA
"1067","N307t15","N307",15,2000,-25.41169711,NA
"1068","N307t24","N307",24,1970,-24.8601416,NA
"1069","N307t24","N307",24,1971,-23.92208874,NA
"1070","N307t24","N307",24,1972,-23.93675796,NA
"1071","N307t24","N307",24,1973,-24.44325972,NA
"1072","N307t24","N307",24,1974,-23.71946896,NA
"1073","N307t24","N307",24,1975,-23.35433093,NA
"1074","N307t24","N307",24,1976,-23.71619169,NA
"1075","N307t24","N307",24,1977,-23.25605916,NA
"1076","N307t24","N307",24,1978,-23.30967244,NA
"1077","N307t24","N307",24,1979,-24.26335812,NA
"1078","N307t24","N307",24,1980,-25.8918031,NA
"1079","N307t24","N307",24,1981,-25.06536297,NA
"1080","N307t24","N307",24,1982,-24.75353819,NA
"1081","N307t24","N307",24,1983,-25.20073421,NA
"1082","N307t24","N307",24,1984,-24.03275411,NA
"1083","N307t24","N307",24,1985,-24.71663434,NA
"1084","N307t24","N307",24,1986,-22.9207627,NA
"1085","N307t24","N307",24,1987,-22.01764557,NA
"1086","N307t24","N307",24,1988,-24.11123948,NA
"1087","N307t24","N307",24,1989,-23.74939235,NA
"1088","N307t24","N307",24,1990,-24.64767646,NA
"1089","N307t24","N307",24,1991,-24.3120013,NA
"1090","N307t24","N307",24,1992,-24.34951884,NA
"1091","N307t24","N307",24,1993,-25.05781393,NA
"1092","N307t24","N307",24,1994,-24.92472909,NA
"1093","N307t24","N307",24,1995,-24.74511633,NA
"1094","N307t24","N307",24,1996,-23.93462543,NA
"1095","N307t24","N307",24,1997,-24.99531407,NA
"1096","N307t24","N307",24,1998,-26.82803395,NA
"1097","N307t24","N307",24,1999,-24.10974142,NA
"1098","N307t24","N307",24,2000,-24.85584045,NA
"1099","N424t14","N424",14,1970,-26.42102478,NA
"1100","N424t14","N424",14,1971,-26.30441858,NA
"1101","N424t14","N424",14,1972,-25.49958686,NA
"1102","N424t14","N424",14,1973,-27.0589552,NA
"1103","N424t14","N424",14,1974,-25.50386073,NA
"1104","N424t14","N424",14,1975,-26.0157014,NA
"1105","N424t14","N424",14,1976,-26.23318994,NA
"1106","N424t14","N424",14,1977,-25.82642885,NA
"1107","N424t14","N424",14,1978,-26.7932108,NA
"1108","N424t14","N424",14,1979,-26.82361832,NA
"1109","N424t14","N424",14,1980,-26.4740478,NA
"1110","N424t14","N424",14,1981,-25.08147635,NA
"1111","N424t14","N424",14,1982,-25.80786404,NA
"1112","N424t14","N424",14,1983,-25.77720366,NA
"1113","N424t14","N424",14,1984,-26.09295293,NA
"1114","N424t14","N424",14,1985,-27.0665202,NA
"1115","N424t14","N424",14,1986,NA,NA
"1116","N424t14","N424",14,1987,NA,NA
"1117","N424t14","N424",14,1988,-27.84397256,NA
"1118","N424t14","N424",14,1989,-27.43400229,NA
"1119","N424t14","N424",14,1990,-26.73256435,NA
"1120","N424t14","N424",14,1991,-27.08091267,NA
"1121","N424t14","N424",14,1992,-26.77787008,NA
"1122","N424t14","N424",14,1993,-26.14040804,NA
"1123","N424t14","N424",14,1994,-25.31049083,NA
"1124","N424t14","N424",14,1995,-25.42905221,NA
"1125","N424t14","N424",14,1996,-25.47394439,NA
"1126","N424t14","N424",14,1997,-25.657451,NA
"1127","N424t14","N424",14,1998,-25.9446761,NA
"1128","N424t14","N424",14,1999,-25.22476555,NA
"1129","N424t14","N424",14,2000,-25.75626225,NA
"1130","N424t25","N424",25,1970,-26.45351467,NA
"1131","N424t25","N424",25,1971,-25.32551547,NA
"1132","N424t25","N424",25,1972,-25.39785185,NA
"1133","N424t25","N424",25,1973,-26.78236046,NA
"1134","N424t25","N424",25,1974,-25.68150254,NA
"1135","N424t25","N424",25,1975,-25.84174519,NA
"1136","N424t25","N424",25,1976,-25.51441399,NA
"1137","N424t25","N424",25,1977,-25.04071369,NA
"1138","N424t25","N424",25,1978,-26.51246216,NA
"1139","N424t25","N424",25,1979,-26.88014179,NA
"1140","N424t25","N424",25,1980,-25.65327076,NA
"1141","N424t25","N424",25,1981,-25.39128867,NA
"1142","N424t25","N424",25,1982,-26.55226534,NA
"1143","N424t25","N424",25,1983,-25.73289732,NA
"1144","N424t25","N424",25,1984,-26.291919,NA
"1145","N424t25","N424",25,1985,-25.93589154,NA
"1146","N424t25","N424",25,1986,-26.55501178,NA
"1147","N424t25","N424",25,1987,-27.75379239,NA
"1148","N424t25","N424",25,1988,-26.37027331,NA
"1149","N424t25","N424",25,1989,-26.83914714,NA
"1150","N424t25","N424",25,1990,-25.81012074,NA
"1151","N424t25","N424",25,1991,-25.13130582,NA
"1152","N424t25","N424",25,1992,-25.70680614,NA
"1153","N424t25","N424",25,1993,-25.45352784,NA
"1154","N424t25","N424",25,1994,-25.46390777,NA
"1155","N424t25","N424",25,1995,-24.65132507,NA
"1156","N424t25","N424",25,1996,-24.8390927,NA
"1157","N424t25","N424",25,1997,-24.02747933,NA
"1158","N424t25","N424",25,1998,-24.28697751,NA
"1159","N424t25","N424",25,1999,-23.8584723,NA
"1160","N424t25","N424",25,2000,-25.35853333,NA
"1161","N424t45","N424",45,1970,-26.94195689,NA
"1162","N424t45","N424",45,1971,-25.24225391,NA
"1163","N424t45","N424",45,1972,-25.61304349,NA
"1164","N424t45","N424",45,1973,-26.77577708,NA
"1165","N424t45","N424",45,1974,-25.87868077,NA
"1166","N424t45","N424",45,1975,-26.82234539,NA
"1167","N424t45","N424",45,1976,-26.00958094,NA
"1168","N424t45","N424",45,1977,-24.69908485,NA
"1169","N424t45","N424",45,1978,-26.88058607,NA
"1170","N424t45","N424",45,1979,-25.94568582,NA
"1171","N424t45","N424",45,1980,-25.67380847,NA
"1172","N424t45","N424",45,1981,-25.51825093,NA
"1173","N424t45","N424",45,1982,-26.15560672,NA
"1174","N424t45","N424",45,1983,-25.01036149,NA
"1175","N424t45","N424",45,1984,-25.18049941,NA
"1176","N424t45","N424",45,1985,-26.48863275,NA
"1177","N424t45","N424",45,1986,-26.6767033,NA
"1178","N424t45","N424",45,1988,-25.59226344,NA
"1179","N424t45","N424",45,1989,-26.45424167,NA
"1180","N424t45","N424",45,1990,-26.95078184,NA
"1181","N424t45","N424",45,1991,-26.35003851,NA
"1182","N424t45","N424",45,1992,-26.30956891,NA
"1183","N424t45","N424",45,1993,-26.22063273,NA
"1184","N424t45","N424",45,1994,-26.29357494,NA
"1185","N424t45","N424",45,1995,-27.13422787,NA
"1186","N424t45","N424",45,1996,-25.26293299,NA
"1187","N424t45","N424",45,1997,-25.458011,NA
"1188","N424t45","N424",45,1998,-25.7568075,NA
"1189","N424t45","N424",45,1999,-25.12601489,NA
"1190","N424t45","N424",45,2000,-26.15471817,NA
"1191","S157t17","S157",17,1970,-25.83895836,NA
"1192","S157t17","S157",17,1971,-25.80624342,NA
"1193","S157t17","S157",17,1972,-25.99841343,NA
"1194","S157t17","S157",17,1973,-27.13083521,NA
"1195","S157t17","S157",17,1974,-27.05938738,NA
"1196","S157t17","S157",17,1975,-26.92606388,NA
"1197","S157t17","S157",17,1976,-26.33909314,NA
"1198","S157t17","S157",17,1977,-26.74084075,NA
"1199","S157t17","S157",17,1978,-26.6181799,NA
"1200","S157t17","S157",17,1979,-27.09165805,NA
"1201","S157t17","S157",17,1980,-26.37479686,NA
"1202","S157t17","S157",17,1981,-26.08153363,NA
"1203","S157t17","S157",17,1982,-27.28976522,NA
"1204","S157t17","S157",17,1983,-26.75073601,NA
"1205","S157t17","S157",17,1984,-26.93147599,NA
"1206","S157t17","S157",17,1985,-28.07185436,NA
"1207","S157t17","S157",17,1986,-27.38988911,NA
"1208","S157t17","S157",17,1987,-26.67108925,NA
"1209","S157t17","S157",17,1988,-27.80371298,NA
"1210","S157t17","S157",17,1989,-28.09011011,NA
"1211","S157t17","S157",17,1990,-28.54710963,NA
"1212","S157t17","S157",17,1991,-26.40726947,NA
"1213","S157t17","S157",17,1992,-26.48081752,NA
"1214","S157t17","S157",17,1993,-25.24027486,NA
"1215","S157t17","S157",17,1994,-25.43240449,NA
"1216","S157t17","S157",17,1995,-26.65299506,NA
"1217","S157t17","S157",17,1996,-27.07291764,NA
"1218","S157t17","S157",17,1997,-26.93256649,NA
"1219","S157t17","S157",17,1998,-26.33856809,NA
"1220","S157t17","S157",17,1999,-27.27223647,NA
"1221","S157t17","S157",17,2000,-27.26856109,NA
"1222","S157t25","S157",25,1970,-24.34933785,NA
"1223","S157t25","S157",25,1971,-24.99220672,NA
"1224","S157t25","S157",25,1972,-25.22601761,NA
"1225","S157t25","S157",25,1973,-25.19810893,NA
"1226","S157t25","S157",25,1974,-25.94566563,NA
"1227","S157t25","S157",25,1975,-25.41855112,NA
"1228","S157t25","S157",25,1976,-25.18223612,NA
"1229","S157t25","S157",25,1977,-25.44415763,NA
"1230","S157t25","S157",25,1978,-25.94356541,NA
"1231","S157t25","S157",25,1979,-26.26752415,NA
"1232","S157t25","S157",25,1980,-25.52489489,NA
"1233","S157t25","S157",25,1981,-25.40069926,NA
"1234","S157t25","S157",25,1982,-25.82126806,NA
"1235","S157t25","S157",25,1983,-25.0388962,NA
"1236","S157t25","S157",25,1984,-25.02520439,NA
"1237","S157t25","S157",25,1985,-25.30425075,NA
"1238","S157t25","S157",25,1986,-25.71803423,NA
"1239","S157t25","S157",25,1988,-26.31405207,NA
"1240","S157t25","S157",25,1989,-26.32931905,NA
"1241","S157t25","S157",25,1990,-26.33986053,NA
"1242","S157t25","S157",25,1991,-25.63891253,NA
"1243","S157t25","S157",25,1992,-25.58547812,NA
"1244","S157t25","S157",25,1993,-25.88584979,NA
"1245","S157t25","S157",25,1994,-25.39330811,NA
"1246","S157t25","S157",25,1995,-25.22646188,NA
"1247","S157t25","S157",25,1996,-25.36204716,NA
"1248","S157t25","S157",25,1997,-25.4598285,NA
"1249","S157t25","S157",25,1999,-25.95153781,NA
"1250","S157t25","S157",25,2000,-26.24591964,NA
"1251","S157t84","S157",84,1970,-23.62939832,NA
"1252","S157t84","S157",84,1971,-24.18743838,NA
"1253","S157t84","S157",84,1972,-24.55064276,NA
"1254","S157t84","S157",84,1973,NA,NA
"1255","S157t84","S157",84,1974,-25.1918,"24 & 25 fell in together (original value for sample 25: -25.1918)"
"1256","S157t84","S157",84,1975,-25.30680579,NA
"1257","S157t84","S157",84,1976,-24.23055257,NA
"1258","S157t84","S157",84,1977,-24.23093187,NA
"1259","S157t84","S157",84,1978,-23.67617911,NA
"1260","S157t84","S157",84,1979,-24.27008444,NA
"1261","S157t84","S157",84,1980,-22.74890796,NA
"1262","S157t84","S157",84,1981,-24.5409073,NA
"1263","S157t84","S157",84,1982,-24.34577661,NA
"1264","S157t84","S157",84,1983,-25.64244743,NA
"1265","S157t84","S157",84,1984,-24.29768932,NA
"1266","S157t84","S157",84,1985,-26.35916287,NA
"1267","S157t84","S157",84,1986,-24.73547517,NA
"1268","S157t84","S157",84,1987,-22.80870625,NA
"1269","S157t84","S157",84,1988,-24.55376587,NA
"1270","S157t84","S157",84,1989,-24.44740191,NA
"1271","S157t84","S157",84,1990,-24.87223172,NA
"1272","S157t84","S157",84,1991,-25.33098815,NA
"1273","S157t84","S157",84,1992,-25.81397788,NA
"1274","S157t84","S157",84,1993,-24.32243889,NA
"1275","S157t84","S157",84,1994,-24.80058196,NA
"1276","S157t84","S157",84,1995,-24.0459976,NA
"1277","S157t84","S157",84,1996,-23.42782649,NA
"1278","S157t84","S157",84,1997,-24.56511513,NA
"1279","S157t84","S157",84,1998,-26.30532809,NA
"1280","S157t84","S157",84,1999,-22.88869631,NA
"1281","S157t84","S157",84,2000,-25.18627501,NA
"1282","T105t17","T105",17,1970,-26.25474109,NA
"1283","T105t17","T105",17,1971,-26.0407813,NA
"1284","T105t17","T105",17,1972,-26.15057832,NA
"1285","T105t17","T105",17,1973,-26.44484337,NA
"1286","T105t17","T105",17,1976,-26.04077955,NA
"1287","T105t17","T105",17,1978,-25.7520662,NA
"1288","T105t17","T105",17,1982,-25.84817755,NA
"1289","T105t17","T105",17,1983,-25.53329225,NA
"1290","T105t17","T105",17,1984,-26.18192268,NA
"1291","T105t17","T105",17,1985,-27.40827481,NA
"1292","T105t17","T105",17,1986,-26.02906328,NA
"1293","T105t17","T105",17,1987,-27.03149978,NA
"1294","T105t17","T105",17,1990,-26.48315304,NA
"1295","T105t17","T105",17,1991,-25.92787348,NA
"1296","T105t17","T105",17,1992,-26.79363421,NA
"1297","T105t17","T105",17,1993,-26.89556154,NA
"1298","T105t17","T105",17,1994,-27.01881418,NA
"1299","T105t17","T105",17,1995,-27.21961335,NA
"1300","T105t17","T105",17,1996,-25.88983774,NA
"1301","T105t17","T105",17,1997,-24.87606427,NA
"1302","T105t17","T105",17,1998,-24.15018232,NA
"1303","T105t17","T105",17,1999,-24.50008912,NA
"1304","T105t17","T105",17,2000,-25.37840463,NA
"1305","T105t21","T105",21,1970,-25.31259105,NA
"1306","T105t21","T105",21,1971,-25.05872711,NA
"1307","T105t21","T105",21,1972,-25.38064621,NA
"1308","T105t21","T105",21,1973,-26.03892342,NA
"1309","T105t21","T105",21,1974,-26.14565088,NA
"1310","T105t21","T105",21,1975,-25.81036308,NA
"1311","T105t21","T105",21,1976,-25.41303805,NA
"1312","T105t21","T105",21,1977,-25.51889715,NA
"1313","T105t21","T105",21,1978,-26.26635287,NA
"1314","T105t21","T105",21,1979,-26.68811314,NA
"1315","T105t21","T105",21,1980,-26.06105649,NA
"1316","T105t21","T105",21,1981,-25.66857812,NA
"1317","T105t21","T105",21,1982,-25.80535486,NA
"1318","T105t21","T105",21,1983,-25.34696193,NA
"1319","T105t21","T105",21,1984,-25.89570466,NA
"1320","T105t21","T105",21,1985,-26.79146814,NA
"1321","T105t21","T105",21,1986,-25.24047681,NA
"1322","T105t21","T105",21,1987,-25.87433897,NA
"1323","T105t21","T105",21,1989,-25.92369411,NA
"1324","T105t21","T105",21,1990,-26.16013027,NA
"1325","T105t21","T105",21,1991,-26.33840653,NA
"1326","T105t21","T105",21,1992,-25.92926777,NA
"1327","T105t21","T105",21,1993,-26.43905547,NA
"1328","T105t21","T105",21,1994,-26.23056838,NA
"1329","T105t21","T105",21,1995,-26.07830252,NA
"1330","T105t21","T105",21,1996,-25.59347511,NA
"1331","T105t21","T105",21,1998,-24.91195413,NA
"1332","T105t21","T105",21,1999,-25.68443073,NA
"1333","T105t21","T105",21,2000,-25.82587239,NA
